{"PuntosX": [0.4907560646533966, 0.48201948404312134, 0.47829684615135193, 0.47620588541030884, 0.47508883476257324, 0.47481098771095276, 0.47527727484703064, 0.47642990946769714, 0.4783540666103363, 0.4812702238559723, 0.48568570613861084, 0.49427080154418945, 0.49417272210121155, 0.4851568639278412, 0.480717271566391, 0.4777945280075073, 0.475871741771698, 0.47472241520881653, 0.47427117824554443, 0.474626362323761, 0.47573524713516235, 0.47780245542526245, 0.48128893971443176, 0.48892274498939514], "PuntosY": [-0.07772810012102127, -0.07203822582960129, -0.06722017377614975, -0.06269370019435883, -0.05833350494503975, -0.05409783869981766, -0.04995366558432579, -0.04587499052286148, -0.04185051843523979, -0.03787672892212868, -0.03396240249276161, -0.03023085556924343, 0.021576086059212685, 0.02542603388428688, 0.029401913285255432, 0.033410653471946716, 0.03745192289352417, 0.04153287783265114, 0.04566716402769089, 0.04988527297973633, 0.05420321226119995, 0.05866676941514015, 0.06336294114589691, 0.06871362030506134]}
