{"TiempoSleep": null, "MaxIteraciones": 50.0}
{"Iteracion": 0, "PuntosX": [2.882702350616455, 2.8462841510772705, 2.830754518508911, 2.8289783000946045, 2.834256172180176, 2.9962306022644043, 2.9597113132476807, 2.9442238807678223, 2.9421579837799072, 2.9478752613067627], "PuntosY": [-0.1258615106344223, -0.09939444810152054, -0.07412578165531158, -0.04937993735074997, -0.02473394386470318, 1.9554863683879375e-07, 0.025829073041677475, 0.051391687244176865, 0.07704321295022964, 0.10294225066900253]}
{"Iteracion": 1, "PuntosX": [2.808306932449341, 2.7807343006134033, 2.7750320434570312, 2.771284818649292, 2.7804369926452637, 2.7896523475646973], "PuntosY": [-0.07353812456130981, -0.04853808134794235, -0.024217350408434868, 2.36614141613245e-08, 0.02426464669406414, 0.04869362339377403]}
{"Iteracion": 2, "PuntosX": [2.853227138519287, 2.8419716358184814, 2.847301721572876, 2.7094106674194336, 2.6947154998779297, 2.6973533630371094, 2.7022926807403564, 2.719111680984497], "PuntosY": [-0.09963695704936981, -0.07441962510347366, -0.04969996586441994, -0.023644771426916122, -5.986657924950123e-08, 0.023539504036307335, 0.047168832272291183, 0.07120242714881897]}
{"Iteracion": 3, "PuntosX": [3.4625086784362793, 3.4533262252807617, 3.459186315536499, 3.474447250366211, 3.339646100997925, 3.330714702606201, 3.337876796722412, 3.3526549339294434], "PuntosY": [-0.12091344594955444, -0.09042849391698837, -0.060380369424819946, -0.030321180820465088, 1.143125700764358e-07, 0.029066963121294975, 0.058262910693883896, 0.08779241889715195]}
{"Iteracion": 4, "PuntosX": [2.441819190979004, 2.4236598014831543, 2.4147300720214844, 2.4098384380340576, 2.417891025543213, 2.4519357681274414, 2.5548486709594727, 2.545775890350342, 2.541764974594116, 2.5505728721618652], "PuntosY": [-0.10661209374666214, -0.08463592082262039, -0.06323206424713135, -0.04206399247050285, -0.021100636571645737, 1.582593540661037e-07, 0.02229609526693821, 0.04443671554327011, 0.06655856221914291, 0.08906804770231247]}
{"Iteracion": 5, "PuntosX": [2.651294231414795, 2.613926887512207, 2.6135048866271973, 2.616641044616699, 2.637319803237915, 2.683577299118042, 2.5388200283050537, 2.528050422668457, 2.527503728866577, 2.5411126613616943, 2.562119483947754], "PuntosY": [-0.13894830644130707, -0.11412680149078369, -0.09126560389995575, -0.06851913034915924, -0.046034734696149826, -0.023419290781021118, 0.022156184539198875, 0.044127363711595535, 0.06618500500917435, 0.08873770385980606, 0.11186470836400986]}
{"Iteracion": 6, "PuntosX": [3.3029236793518066, 3.256190776824951, 3.236959218978882, 3.2399892807006836, 3.2678894996643066, 3.376213788986206, 3.3548099994659424, 3.34447979927063, 3.349417209625244], "PuntosY": [-0.11534074693918228, -0.08526629954576492, -0.05650153011083603, -0.028274845331907272, 6.28206180408597e-08, 0.02946397289633751, 0.058558616787195206, 0.08757857233285904, 0.11696427315473557]}
{"Iteracion": 7, "PuntosX": [2.9840102195739746, 2.960080146789551, 2.8234469890594482, 2.8008899688720703, 2.799412727355957, 2.800020456314087, 2.811652898788452, 2.8293514251708984], "PuntosY": [-0.10420405119657516, -0.07751245051622391, -0.049283597618341446, -0.02444295957684517, -3.1104718800634146e-09, 0.024435436353087425, 0.04907761886715889, 0.07408919930458069]}
{"Iteracion": 8, "PuntosX": [2.745332717895508, 2.7138242721557617, 2.7007079124450684, 2.693187713623047, 2.6956470012664795, 2.707150936126709, 2.84065842628479, 2.833008050918579, 2.8372883796691895, 2.849818706512451], "PuntosY": [-0.11986389011144638, -0.09476882219314575, -0.07072050869464874, -0.04700995236635208, -0.023524809628725052, 2.5967892725020647e-08, 0.024790192022919655, 0.04945020377635956, 0.07429694384336472, 0.09951774775981903]}
{"Iteracion": 9, "PuntosX": [2.550168037414551, 2.5354459285736084, 2.5248830318450928, 2.5252113342285156, 2.5255398750305176, 2.5418121814727783, 2.6887190341949463, 2.7079319953918457], "PuntosY": [-0.08905398100614548, -0.06639288365840912, -0.04407230764627457, -0.02203732542693615, -2.366687112953514e-08, 0.02218214049935341, 0.0469316765666008, 0.07090960443019867]}
{"Iteracion": 10, "PuntosX": [3.317166566848755, 3.3080406188964844, 3.306546211242676, 3.3150670528411865, 3.348916530609131], "PuntosY": [-0.0579012893140316, -0.02886892668902874, 5.795300239697099e-08, 0.02893035113811493, 0.05845564231276512]}
{"Iteracion": 11, "PuntosX": [2.960883378982544, 2.9383738040924072, 2.936246871948242, 2.9540677070617676, 2.985623598098755, 2.844691753387451, 2.842482805252075, 2.8477671146392822, 2.8681800365448], "PuntosY": [-0.1292748749256134, -0.10261029005050659, -0.0768883004784584, -0.051563721150159836, -0.02605539932847023, 0.02482524886727333, 0.049615710973739624, 0.07457128167152405, 0.10015903413295746]}
{"Iteracion": 12, "PuntosX": [3.343435287475586, 3.3334999084472656, 3.3421125411987305, 3.3369076251983643, 3.296998977661133, 3.2985763549804688, 3.3203907012939453], "PuntosY": [-0.11675547808408737, -0.08729086816310883, -0.05833681300282478, 0.029120944440364838, 0.057549405843019485, 0.08637628704309464, 0.11595044285058975]}
{"Iteracion": 13, "PuntosX": [3.482043504714966, 3.293520927429199, 3.279418468475342, 3.2739222049713135, 3.2836623191833496, 3.3004438877105713], "PuntosY": [-0.09118064492940903, -0.057489048689603806, -0.028619056567549706, -5.1430106395855546e-08, 0.028656069189310074, 0.0576094314455986]}
{"Iteracion": 14, "PuntosX": [2.8925299644470215, 2.8605194091796875, 2.8543272018432617, 2.864856243133545, 2.916698694229126, 2.90399432182312, 2.8993070125579834, 2.926060676574707], "PuntosY": [-0.1262907236814499, -0.09989184886217117, -0.07474324852228165, -0.05000649392604828, 0.05091099068522453, 0.07604364305734634, 0.10124605894088745, 0.12775444984436035]}
{"Iteracion": 15, "PuntosX": [3.5344269275665283, 3.3371164798736572, 3.3306987285614014, 3.3268158435821533, 3.3382928371429443, 3.3708760738372803], "PuntosY": [-0.06169404089450836, -0.029122687876224518, -1.52182110468857e-07, 0.029032763093709946, 0.0582701750099659, 0.08826940506696701]}
{"Iteracion": 16, "PuntosX": [2.461350679397583, 2.4208755493164062, 2.4067277908325195, 2.396836757659912, 2.400703191757202, 2.4102418422698975, 2.5713632106781006, 2.531137704849243, 2.517061710357666, 2.506248712539673, 2.5104780197143555, 2.5240743160247803], "PuntosY": [-0.12899401783943176, -0.10569781064987183, -0.08404480665922165, -0.0627632662653923, -0.04190453514456749, -0.021033931523561478, 4.3613908928819e-08, 0.022089047357439995, 0.04393552243709564, 0.06562844663858414, 0.08766798675060272, 0.11020363122224808]}
{"Iteracion": 17, "PuntosX": [3.2224485874176025, 3.1916894912719727, 3.1809799671173096, 3.1746249198913574, 3.188157558441162, 3.328089952468872, 3.3216962814331055, 3.338355302810669], "PuntosY": [-0.11253044754266739, -0.08357717096805573, -0.05552435666322708, -0.027704639360308647, 4.218418325763196e-08, 0.02904387190937996, 0.0579802580177784, 0.08741778135299683]}
{"Iteracion": 18, "PuntosX": [2.526322841644287, 2.512094736099243, 2.5060269832611084, 2.5044145584106445, 2.511719226837158, 2.5190670490264893], "PuntosY": [-0.06615402549505234, -0.043848924338817596, -0.021869873628020287, 8.87666828930378e-09, 0.021919475868344307, 0.04397047683596611]}
{"Iteracion": 19, "PuntosX": [3.273747444152832, 3.258526563644409, 3.2689082622528076, 3.3136935234069824, 3.244898796081543, 3.2330944538116455, 3.2438108921051025], "PuntosY": [-0.11432165652513504, -0.08532740920782089, -0.05705910921096802, -0.028918229043483734, 0.05664009600877762, 0.08466168493032455, 0.11327660083770752]}
{"Iteracion": 20, "PuntosX": [3.000103235244751, 2.9879982471466064, 2.9966156482696533, 2.9041390419006348, 2.8588333129882812, 2.851639747619629, 2.859781503677368, 2.8715860843658447, 2.905039072036743],