{"TiempoSleep": null, "MaxIteraciones": 50.0}
{"Iteracion": 0, "PuntosX": [3.12827467918396, 3.087000608444214, 3.078244924545288, 3.091996669769287, 3.165642261505127, 3.1231024265289307, 3.1145849227905273, 3.1244313716888428], "PuntosY": [-0.1365833282470703, -0.10780055820941925, -0.0806066021323204, -0.053971003741025925, 0.027626443654298782, 0.05451414734125137, 0.08155840635299683, 0.1091076210141182]}
{"Iteracion": 1, "PuntosX": [3.0084874629974365, 2.9728546142578125, 2.968696355819702, 2.97524356842041, 3.0685105323791504, 3.0345664024353027, 3.0289878845214844, 3.0340397357940674], "PuntosY": [-0.13135354220867157, -0.10381446778774261, -0.07773842662572861, -0.051933083683252335, 0.026778489351272583, 0.052968449890613556, 0.07931677997112274, 0.10595107823610306]}
{"Iteracion": 2, "PuntosX": [2.9660048484802246, 2.938798189163208, 2.9315998554229736, 2.949456214904785, 3.013806104660034, 2.9632973670959473, 2.952326536178589, 2.957768678665161, 3.0042026042938232], "PuntosY": [-0.12949879467487335, -0.10262510925531387, -0.07676663249731064, -0.05148310959339142, 0.026301203295588493, 0.051724717020988464, 0.07730934768915176, 0.10328765958547592, 0.13116653263568878]}
{"Iteracion": 3, "PuntosX": [2.7587530612945557, 2.7333295345306396, 2.7269558906555176, 2.739025115966797, 2.7927443981170654, 2.774622678756714, 2.768096685409546, 2.7872002124786377], "PuntosY": [-0.12045001238584518, -0.09545016288757324, -0.07140786945819855, -0.0478101409971714, 0.048747580498456955, 0.07265598326921463, 0.09666414558887482, 0.12169189006090164]}
{"Iteracion": 4, "PuntosX": [3.2071001529693604, 3.2011373043060303, 3.2096502780914307, 3.247802495956421, 3.1761984825134277, 3.146031618118286, 3.1478233337402344, 3.163710117340088], "PuntosY": [-0.11199457198381424, -0.08382479846477509, -0.05602492392063141, -0.02834329567849636, 0.027718303725123405, 0.05491412431001663, 0.08242853730916977, 0.11047925800085068]}
{"Iteracion": 5, "PuntosX": [2.7439587116241455, 2.727797746658325, 2.7209208011627197, 2.721160411834717, 2.728806495666504, 2.7478206157684326], "PuntosY": [-0.04789610952138901, -0.02380499616265297, 1.4493707567453384e-07, 0.023747490718960762, 0.047631677240133286, 0.07195444405078888]}
{"Iteracion": 6, "PuntosX": [2.643781900405884, 2.6026852130889893, 2.598456382751465, 2.6037886142730713, 2.6184942722320557, 2.6499221324920654, 2.5117623805999756, 2.4933252334594727, 2.489175796508789, 2.497502326965332, 2.5119059085845947, 2.5519700050354004], "PuntosY": [-0.13855478167533875, -0.11363576352596283, -0.09074026346206665, -0.06818258762359619, -0.0457061342895031, -0.02312556840479374, 4.543107934296131e-08, 0.02175886556506157, 0.04344857111573219, 0.06539934873580933, 0.08771775662899017, 0.11142158508300781]}
{"Iteracion": 7, "PuntosX": [2.422788143157959, 2.4041476249694824, 2.3912088871002197, 2.3887758255004883, 2.386348247528076, 2.396498918533325, 2.4125468730926514, 2.5423476696014404, 2.552523612976074], "PuntosY": [-0.10578123480081558, -0.08395476639270782, -0.06261587142944336, -0.04169633612036705, -0.02082550711929798, 6.367918103933334e-08, 0.021054090932011604, 0.04437694698572159, 0.06684025377035141]}
{"Iteracion": 8, "PuntosX": [3.2117156982421875, 3.1831881999969482, 3.1810405254364014, 3.194032669067383, 3.300302505493164, 3.2719647884368896, 3.2614142894744873, 3.2636144161224365], "PuntosY": [-0.11215582489967346, -0.08335459977388382, -0.055525459349155426, -0.02787415124475956, 0.02880142442882061, 0.05711255595088005, 0.08540301024913788, 0.11396815627813339]}
{"Iteracion": 9, "PuntosX": [2.581603765487671, 2.567023277282715, 2.5567128658294678, 2.5572011470794678, 2.5576889514923096, 2.576157331466675, 2.72074031829834, 2.743906021118164], "PuntosY": [-0.06760144978761673, -0.04480765759944916, -0.022312035784125328, 7.08969309926033e-08, 0.022320738062262535, 0.044967036694288254, 0.07124528288841248, 0.09581953287124634]}
{"Iteracion": 10, "PuntosX": [3.1757166385650635, 3.163855791091919, 3.1670496463775635, 3.2586586475372314, 3.212611675262451, 3.204923391342163, 3.212709665298462], "PuntosY": [-0.1108984723687172, -0.08284822106361389, -0.05528109893202782, 0.028438130393624306, 0.056076496839523315, 0.0839238092303276, 0.11219041049480438]}
{"Iteracion": 11, "PuntosX": [2.840175151824951, 2.8078324794769287, 2.8006038665771484, 2.7982850074768066, 2.828251600265503, 2.939526319503784, 2.8818416595458984, 2.864588737487793, 2.861112356185913, 2.8831491470336914], "PuntosY": [-0.12400492280721664, -0.09805157035589218, -0.07333634048700333, -0.048844363540410995, -0.02468172088265419, 0.025653081014752388, 0.05030288174748421, 0.07501208782196045, 0.09991250932216644, 0.12588128447532654]}
{"Iteracion": 12, "PuntosX": [2.8293559551239014, 2.8162102699279785, 2.816650629043579, 2.831393003463745, 2.8326282501220703, 2.8196732997894287, 2.824094295501709, 2.8459291458129883], "PuntosY": [-0.12353258579969406, -0.09834425151348114, -0.07375650107860565, -0.04942210391163826, 0.04944375902414322, 0.07383585721254349, 0.09861958771944046, 0.12425608932971954]}
{"Iteracion": 13, "PuntosX": [3.2921946048736572, 3.2754602432250977, 3.274261951446533, 3.276146411895752, 3.3051018714904785, 3.4635722637176514], "PuntosY": [-0.057465583086013794, -0.02858472429215908, 8.539063856005669e-08, 0.02859065681695938, 0.0576908253133297, 0.0906967893242836]}
{"Iteracion": 14, "PuntosX": [2.8222343921661377, 2.8057360649108887, 2.7918646335601807, 2.7979817390441895, 2.8191542625427246, 2.9361417293548584, 2.921196460723877, 2.9083876609802246, 2.9145431518554688, 2.953808307647705], "PuntosY": [-0.0985545814037323, -0.07347089052200317, -0.04873238131403923, -0.024417728185653687, -1.501757651567459e-08, 0.025623463094234467, 0.05098963528871536, 0.07615885883569717, 0.10177817195653915, 0.12896622717380524]}
{"Iteracion": 15, "PuntosX": [2.7032618522644043, 2.638611078262329, 2.6179184913635254, 2.616766929626465, 2.6234350204467773, 2.727771520614624, 2.7034058570861816, 2.6941585540771484, 2.6931259632110596, 2.719547748565674], "PuntosY": [-0.14167194068431854, -0.11520428955554962, -0.09141989797353745, -0.06852249801158905, -0.045792240649461746, 0.023804880678653717, 0.047188106924295425, 0.07054907083511353, 0.09404608607292175, 0.11873818933963776]}
{"Iteracion": 16, "PuntosX": [3.2821877002716064, 3.2698280811309814, 3.2745559215545654, 3.3593456745147705, 3.3263468742370605, 3.320626974105835, 3.341214179992676], "PuntosY": [-0.11461623013019562, -0.08562362939119339, -0.05715780705213547, 0.029317017644643784, 0.058061666786670685, 0.08695381879806519, 0.11667805165052414]}
{"Iteracion": 17, "PuntosX": [3.3826355934143066, 3.220308303833008, 3.2037887573242188, 3.2011806964874268, 3.208850860595703, 3.2242228984832764], "PuntosY": [-0.08857724815607071, -0.05621075630187988, -0.027958931401371956, 1.1589145287871361e-07, 0.028003409504890442, 0.05627923086285591]}
{"Iteracion": 18, "PuntosX": [2.492487668991089, 2.466167449951172, 2.447500705718994, 2.4486775398254395, 2.449920892715454, 2.4860382080078125, 2.625699758529663, 2.5684266090393066, 2.5497939586639404, 2.540271043777466, 2.541637420654297, 2.5611813068389893], "PuntosY": [-0.13062570989131927, -0.10767529904842377, -0.08546863496303558, -0.064120814204216, -0.04276372864842415, -0.021695327013731003, 8.562346920371056e-08, 0.022414537146687508, 0.04450705274939537, 0.06651949137449265, 0.08875618875026703, 0.1118239164352417]}
{"Iteracion": 19, "PuntosX": [3.0531413555145264, 3.0502476692199707, 3.0572328567504883, 3.0775599479675293, 2.962325096130371, 2.9530885219573975, 2.9534964561462402, 2.974102735519409, 3.028407096862793], "PuntosY": [-0.10661794245243073, -0.0798736959695816, -0.053364407271146774, -0.026857499033212662, 0.025851860642433167, 0.051546238362789154, 0.07733992487192154, 0.103858083486557, 0.13222317397594452]}
{"Iteracion": 20,