{"TiempoSleep": null, "MaxIteraciones": 50.0}
{"Iteracion": 0, "PuntosX": [2.0269854068756104, 2.014460802078247, 2.018404006958008, 2.0197594165802, 2.0142226219177246, 2.0238897800445557], "PuntosY": [-0.07078395783901215, -0.052750539034605026, -0.035231512039899826, 0.03525509312748909, 0.052744343876838684, 0.07067576795816422]}
{"Iteracion": 1, "PuntosX": [2.1012935638427734, 2.0826141834259033, 2.085449695587158, 2.086606740951538, 2.082129716873169, 2.0954222679138184], "PuntosY": [-0.07337864488363266, -0.05453513562679291, -0.03640177845954895, 0.03642181307077408, 0.05452251806855202, 0.0731738805770874]}
{"Iteracion": 2, "PuntosX": [2.1630115509033203, 2.1641924381256104, 2.1655218601226807, 2.162109375], "PuntosY": [-0.05664035305380821, -0.03777610510587692, 0.03779938071966171, 0.0566168837249279]}
{"Iteracion": 3, "PuntosX": [2.4375720024108887, 2.4325201511383057, 2.4336442947387695, 2.4349355697631836], "PuntosY": [-0.0638301894068718, -0.042459938675165176, 0.042479317635297775, 0.0637611374258995]}
{"Iteracion": 4, "PuntosX": [1.924920678138733, 1.9161370992660522, 1.920709252357483, 1.9238324165344238, 1.9159423112869263, 1.9210741519927979], "PuntosY": [-0.0672197937965393, -0.05017586424946785, -0.03352624550461769, 0.033580631017684937, 0.05017068609595299, 0.0670853927731514]}
{"Iteracion": 5, "PuntosX": [2.4049673080444336, 2.399838924407959, 2.4017019271850586, 2.4012463092803955], "PuntosY": [-0.06297620385885239, -0.04188945144414902, 0.04192189499735832, 0.06287881731987]}
{"Iteracion": 6, "PuntosX": [1.5185234546661377, 1.5112907886505127, 1.5126144886016846, 1.523934245109558, 1.5335631370544434, 1.5139732360839844, 1.5109195709228516, 1.5155978202819824], "PuntosY": [-0.06630026549100876, -0.05277540534734726, -0.039609216153621674, -0.026600487530231476, 0.026768403127789497, 0.0396447516977787, 0.05276254564523697, 0.06617257744073868]}
{"Iteracion": 7, "PuntosX": [1.582597017288208, 1.5720957517623901, 1.5721272230148315, 1.5818829536437988, 1.5896629095077515, 1.5734184980392456, 1.5712023973464966, 1.5777053833007812], "PuntosY": [-0.06909775733947754, -0.05489880219101906, -0.04116758331656456, -0.027612056583166122, 0.027747664600610733, 0.041201457381248474, 0.054867640137672424, 0.06888419389724731]}
{"Iteracion": 8, "PuntosX": [1.7766457796096802, 1.772073745727539, 1.7784843444824219, 1.7836884260177612, 1.7726689577102661, 1.7738513946533203], "PuntosY": [-0.062041833996772766, -0.04640330374240875, -0.03104369528591633, 0.031134512275457382, 0.04641902819275856, 0.061944395303726196]}
{"Iteracion": 9, "PuntosX": [1.9868227243423462, 1.9732604026794434, 1.9762539863586426, 1.9807968139648438, 1.972733497619629, 1.9786567687988281], "PuntosY": [-0.06938144564628601, -0.051671527326107025, -0.03449571132659912, 0.034575048834085464, 0.05165781080722809, 0.06909632682800293]}
{"Iteracion": 10, "PuntosX": [2.466892719268799, 2.4585788249969482, 2.4776580333709717, 2.460904121398926, 2.4604361057281494], "PuntosY": [-0.06459785252809525, -0.04291491210460663, -0.021622225642204285, 0.042955197393894196, 0.06442883610725403]}
{"Iteracion": 11, "PuntosX": [2.0796947479248047, 2.080329656600952, 2.085073232650757, 2.078049659729004, 2.087064027786255], "PuntosY": [-0.05445864796638489, -0.036312248557806015, 0.03639518469572067, 0.054415807127952576, 0.0728820413351059]}
{"Iteracion": 12, "PuntosX": [2.3996682167053223, 2.393075466156006, 2.4128224849700928, 2.3960108757019043, 2.394001007080078], "PuntosY": [-0.06283751130104065, -0.041771501302719116, -0.021056517958641052, 0.04182266443967819, 0.06268920749425888]}
{"Iteracion": 13, "PuntosX": [1.7651656866073608, 1.760087013244629, 1.7659212350845337, 1.7739078998565674, 1.7610775232315063, 1.761393427848816, 1.7796657085418701], "PuntosY": [-0.06164092943072319, -0.04608948901295662, -0.030824385583400726, 0.03096371702849865, 0.04611554369330406, 0.061509232968091965, 0.07770209014415741]}
{"Iteracion": 14, "PuntosX": [2.4239957332611084, 2.4161012172698975, 2.433811902999878, 2.4191436767578125, 2.417168378829956], "PuntosY": [-0.06347467005252838, -0.04217344895005226, -0.02123948372900486, 0.04222637042403221, 0.06329576671123505]}
{"Iteracion": 15, "PuntosX": [1.9617151021957397, 1.9477794170379639, 1.9502302408218384, 1.9570919275283813, 1.9472746849060059, 1.9512913227081299], "PuntosY": [-0.0685044601559639, -0.05100436136126518, -0.03404146805405617, 0.03416106477379799, 0.05099111795425415, 0.06814064830541611]}
{"Iteracion": 16, "PuntosX": [2.229840040206909, 2.226806402206421, 2.231689929962158, 2.226104497909546, 2.2418668270111084], "PuntosY": [-0.058390337973833084, -0.03886914253234863, 0.0389542281627655, 0.058292705565690994, 0.07828781008720398]}
{"Iteracion": 17, "PuntosX": [2.474217176437378, 2.463836908340454, 2.4787280559539795, 2.4669272899627686, 2.4652509689331055], "PuntosY": [-0.06478957086801529, -0.04300646483898163, -0.021631509065628052, 0.04306051880121231, 0.06455492228269577]}
{"Iteracion": 18, "PuntosX": [2.4714725017547607, 2.461364507675171, 2.476558208465576, 2.4643783569335938, 2.462852954864502], "PuntosY": [-0.06471772491931915, -0.04296312853693962, -0.02161254733800888, 0.04301591217517853, 0.06449222564697266]}
{"Iteracion": 19, "PuntosX": [2.0939621925354004, 2.0937602519989014, 2.099574565887451, 2.0918221473693848, 2.1003119945526123], "PuntosY": [-0.054832346737384796, -0.03654683753848076, 0.036648157984018326, 0.05477641522884369, 0.07334457337856293]}
{"Iteracion": 20, "PuntosX": [2.4553322792053223, 2.445543050765991, 2.4606800079345703, 2.4488234519958496, 2.4467973709106445], "PuntosY": [-0.06429515033960342, -0.04268738627433777, -0.021474100649356842, 0.04274435341358185, 0.06407167762517929]}
{"Iteracion": 21, "PuntosX": [1.9332029819488525, 1.9202771186828613, 1.9228873252868652, 1.9306650161743164, 1.9198198318481445, 1.922990322113037], "PuntosY": [-0.06750886887311935, -0.05028427019715309, -0.033564239740371704, 0.03369990363717079, 0.050272297114133835, 0.06715226173400879]}
{"Iteracion": 22, "PuntosX": [2.3194162845611572, 2.3138668537139893, 2.3328397274017334, 2.3182005882263184, 2.313720703125], "PuntosY": [-0.06073610857129097, -0.04038865119218826, -0.020358286798000336, 0.04046448692679405, 0.06058696284890175]}
{"Iteracion": 23, "PuntosX": [2.310356378555298, 2.304830312728882, 2.323377847671509, 2.309495687484741, 2.3045732975006104], "PuntosY": [-0.060498759150505066, -0.040230944752693176, -0.020275946706533432, 0.04031244292855263, 0.06034744530916214]}
{"Iteracion": 24, "PuntosX": [1.5835649967193604, 1.5699299573898315, 1.5689254999160767, 1.5768177509307861, 1.5716359615325928, 1.5681438446044922, 1.5730347633361816], "PuntosY": [-0.06913995742797852, -0.054823171347379684, -0.04108370468020439, -0.027523450553417206, 0.04115476831793785, 0.05476093664765358, 0.06868031620979309]}
{"Iteracion": 25, "PuntosX": [1.6842631101608276, 1.6806941032409668, 1.6867671012878418, 1.7011419534683228, 1.6825437545776367, 1.680737853050232, 1.6898435354232788], "PuntosY": [-0.05881575867533684, -0.044010549783706665, -0.02944270893931389, 0.029693538323044777, 0.04405900835990906, 0.058692678809165955, 0.07378029823303223]}
{"Iteracion": 26, "PuntosX": [1.5673962831497192, 1.5549101829528809, 1.5540685653686523, 1.5621522665023804, 1.5569651126861572, 1.5532130002975464, 1.5576064586639404], "PuntosY": [-0.06843402981758118, -0.05429871752858162, -0.04069475457072258, -0.02726750075817108, 0.04077056422829628, 0.05423940345644951, 0.06800664961338043]}
{"Iteracion": 27, "PuntosX": [2.3133974075317383, 2.3073208332061768, 2.323965311050415, 2.3124117851257324, 2.307152032852173], "PuntosY": [-0.06057830899953842, -0.04027462378144264, -0.020280983299016953, 0.04036349803209305, 0.060415104031562805]}
{"Iteracion": 28, "PuntosX": [2.2615857124328613, 2.2567834854125977, 2.275298833847046, 2.2623870372772217, 2.2563793659210205, 2.2723264694213867],