{"TiempoSleep": null, "MaxIteraciones": 1.0}
{"Iteracion": 0, "PuntosX": [1.217695713043213, 1.192649006843567, 1.185840129852295, 1.179116129875183, 1.1724750995635986, 1.1660081148147583, 1.1666903495788574, 1.168803095817566, 1.1709222793579102, 1.1730490922927856, 1.1871211528778076, 1.350041389465332, 1.3244510889053345, 1.3042408227920532, 1.297255516052246, 1.2902930974960327, 1.2834001779556274, 1.2765744924545288, 1.278635025024414, 1.2809362411499023, 1.283249020576477, 1.290404200553894], "PuntosY": [-0.10653451085090637, -0.09386339783668518, -0.08292187750339508, -0.07211779057979584, -0.061446722596883774, -0.050908997654914856, -0.04074176400899887, -0.030606083571910858, -0.0204385444521904, -0.010237148031592369, 3.680179361253977e-08, 0.011781679466366768, 0.02311842516064644, 0.03415275737643242, 0.045301247388124466, 0.05633552372455597, 0.06726020574569702, 0.07807860523462296, 0.08941085636615753, 0.10081180930137634, 0.112269826233387, 0.12425187230110168]}
